Carrier_ID,Carrier_Name,Carrier_Type,Reliability_Tier,Base_OTD_Rate,OTD_Target_Pct
C001,Carrier 01,Dedicated Fleet,Tier 2,0.937242694178938,95
C002,Carrier 02,Independent Carrier,Tier 2,0.928351741640128,95
C003,Carrier 03,3PL Carrier,Tier 1,0.9699639546239625,95
C004,Carrier 04,Independent Carrier,Tier 2,0.9238392789850031,95
C005,Carrier 05,Dedicated Fleet,Tier 2,0.9374347786818688,95
C006,Carrier 06,Dedicated Fleet,Tier 1,0.9649147462758741,95
C007,Carrier 07,Dedicated Fleet,Tier 3,0.8882653223058657,95
C008,Carrier 08,3PL Carrier,Tier 1,0.9772033816470218,95
C009,Carrier 09,3PL Carrier,Tier 2,0.9218478004359453,95
C010,Carrier 10,Independent Carrier,Tier 3,0.8634299570323822,95
C011,Carrier 11,3PL Carrier,Tier 1,0.9877260883807003,95
C012,Carrier 12,3PL Carrier,Tier 2,0.9453278341988213,95
C013,Carrier 13,3PL Carrier,Tier 2,0.9403264689750753,95
C014,Carrier 14,3PL Carrier,Tier 2,0.9418903964273939,95
C015,Carrier 15,Dedicated Fleet,Tier 1,0.9764065455353722,95
C016,Carrier 16,Dedicated Fleet,Tier 2,0.9542668449586577,95
C017,Carrier 17,Independent Carrier,Tier 2,0.9305528596046139,95
C018,Carrier 18,Independent Carrier,Tier 2,0.9375602020779962,95
C019,Carrier 19,3PL Carrier,Tier 1,0.9934105341383803,95
C020,Carrier 20,Dedicated Fleet,Tier 2,0.9140850738078764,95
C021,Carrier 21,Dedicated Fleet,Tier 1,0.9819467903371817,95
C022,Carrier 22,3PL Carrier,Tier 3,0.868809742150753,95
C023,Carrier 23,Dedicated Fleet,Tier 2,0.9343120706287448,95
C024,Carrier 24,3PL Carrier,Tier 2,0.9325710224593112,95
C025,Carrier 25,3PL Carrier,Tier 3,0.861005311753289,95
C026,Carrier 26,Independent Carrier,Tier 2,0.9393378344578439,95
C027,Carrier 27,3PL Carrier,Tier 3,0.8705812496516141,95
C028,Carrier 28,3PL Carrier,Tier 1,0.9600818089229549,95
C029,Carrier 29,3PL Carrier,Tier 1,0.9565148426253778,95
C030,Carrier 30,3PL Carrier,Tier 2,0.940206873800672,95
